{"cameraMode":{"drawMode":0,"name":"Shaded","section":"Shading Mode"},"sceneLighting":true,"audioPlay":false,"sceneViewState":{"m_AlwaysRefresh":false,"showFog":true,"showSkybox":true,"showFlares":true,"showImageEffects":true,"showParticleSystems":true,"showVisualEffectGraphs":true,"m_FxEnabled":true},"in2DMode":false,"pivot":{"x":742.4776611328125,"y":10.196367263793946,"z":466.86065673828127},"rotation":{"x":0.00899113342165947,"y":-0.04408573359251022,"z":0.0003964346833527088,"w":0.9989871382713318},"size":3.75620436668396,"orthographic":false}